Locality,Cluster Full Name,Cluster Name,Region,Subregion,Grouping,Milestone,Reservoir,Associated
,,,#N/A,#N/A,#N/A,#N/A,#N/A,#N/A
Adelanto,CA-SW 05 Victorville,Victorville,CA,SW,San Gabriel Valley,M2,,
Agoura Hills,CA-SW 17 Thousand Oaks,Thousand Oaks,CA,SW,Los Angeles,M3,,
Agua Caliente Indian Reservation,CA-SE 02 Coachella Valley,Coachella Valley,CA,SE,San Diego,M2,,
Alameda,CA-NC 08 East Bay,East Bay,CA,NC,East Bay,M3,Reservoir,Associated
Alameda County East,CA-NC 02 Alameda County Central (Pleasanton),Alameda County Central (Pleasanton),CA,NC,East Bay,M2,,
Alameda County West,CA-NC 03 Alameda County South (Fremont),Alameda County South (Fremont),CA,NC,East Bay,M2,,
Albany,CA-NC 08 East Bay,East Bay,CA,NC,East Bay,M3,Reservoir,Associated
Alhambra,CA-SW 06 San Gabriel Valley,San Gabriel Valley,CA,SW,San Gabriel Valley,M3,Reservoir,Associated
Aliso Viejo,CA-SE 05 Orange County South,Orange County South,CA,SE,San Diego,M3,,
Alpine County,CA-NI 08 Tuolumne-Calaveras Counties,Tuolumne-Calaveras Counties,CA,NI,Fresno,M1,,
Altadena,CA-SW 06 San Gabriel Valley,San Gabriel Valley,CA,SW,San Gabriel Valley,M3,Reservoir,Associated
Amador City,CA-NI 08 Tuolumne-Calaveras Counties,Tuolumne-Calaveras Counties,CA,NI,Fresno,M1,,
Amador County,CA-NI 08 Tuolumne-Calaveras Counties,Tuolumne-Calaveras Counties,CA,NI,Fresno,M1,,
American Canyon,CA-NC 06 Napa County,Napa County,CA,NC,East Bay,M1,,
Anaheim,CA-SE 21 Orange County North,Orange County North,CA,SE,San Diego,M3,,
Anderson,CA-NI 17 Redding-Red Bluff,Redding-Red Bluff,CA,NI,Sacramento,M2,,
Angels Camp,CA-NI 08 Tuolumne-Calaveras Counties,Tuolumne-Calaveras Counties,CA,NI,Fresno,M1,,
Antioch,CA-NC 16 Contra Costa County East (Concord),Contra Costa County East (Concord),CA,NC,East Bay,M3,,
Apple Valley,CA-SW 05 Victorville,Victorville,CA,SW,San Gabriel Valley,M2,,
Arcadia,CA-SW 06 San Gabriel Valley,San Gabriel Valley,CA,SW,San Gabriel Valley,M3,Reservoir,Associated
Arcata,CA-NC 20 Humboldt County,Humboldt County,CA,NC,East Bay,M2,,
Arroyo Grande,CA-SW 27 San Luis Obispo County,San Luis Obispo County,CA,SW,Los Angeles,M2,,
Artesia,CA-SW 32 Long Beach,Long Beach,CA,SW,Los Angeles,M2,,
Arvin,CA-SW 03 Bakersfield,Bakersfield,CA,SW,Los Angeles,M2,,
Atascadero,CA-SW 27 San Luis Obispo County,San Luis Obispo County,CA,SW,Los Angeles,M2,,
Atherton,CA-NC 04 Santa Clara County West,Santa Clara County West,CA,NC,Santa Clara County West,M3,Reservoir,
Atwater,CA-NI 06 Merced County,Merced County,CA,NI,Fresno,M2,,
Auburn,CA-NI 11 Placer County,Placer County,CA,NI,Sacramento,M2,,
Augustine Reservation,CA-SE 02 Coachella Valley,Coachella Valley,CA,SE,San Diego,M2,,
Avalon,CA-SW 31 South Bay,South Bay,CA,SW,Los Angeles,M2,,
Avenal,CA-NI 02 Exeter-Visalia,Exeter-Visalia,CA,NI,Fresno,M2,,
Azusa,CA-SW 10 Claremont,Claremont,CA,SW,San Gabriel Valley,M2,,
Bakersfield,CA-SW 03 Bakersfield,Bakersfield,CA,SW,Los Angeles,M2,,
Baldwin Park,CA-SW 10 Claremont,Claremont,CA,SW,San Gabriel Valley,M2,,
Banning,CA-SW 04 San Bernardino,San Bernardino,CA,SW,San Gabriel Valley,M2,,
Barona Reservation,CA-SE 14 East San Diego County,East San Diego County,CA,SE,San Diego,M2,,
Barstow,CA-SW 05 Victorville,Victorville,CA,SW,San Gabriel Valley,M2,,
Beaumont,CA-SW 04 San Bernardino,San Bernardino,CA,SW,San Gabriel Valley,M2,,
Bell,CA-SW 30 Whittier,Whittier,CA,SW,San Gabriel Valley,M2,,
Bell Gardens,CA-SW 30 Whittier,Whittier,CA,SW,San Gabriel Valley,M2,,
Bellflower,CA-SW 32 Long Beach,Long Beach,CA,SW,Los Angeles,M2,,
Belmont,CA-NC 09 San Mateo,San Mateo,CA,NC,Santa Clara County West,M2,,
Belvedere,CA-NC 07 Marin County,Marin County,CA,NC,East Bay,M2,,
Benicia,CA-NC 18 Solano County,Solano County,CA,NC,East Bay,M2,,
Benton Paiute Reservation,CA-NI 03 Inyo County,Inyo County,CA,NI,Fresno,M1,,
Berkeley,CA-NC 08 East Bay,East Bay,CA,NC,East Bay,M3,Reservoir,Associated
Berry Creek Rancheria,CA-NI 16 Chico,Chico,CA,NI,Sacramento,M2,,
Beverly Hills,CA-SW 01 Los Angeles,Los Angeles,CA,SW,Los Angeles,M3,Reservoir,
Big Bear Lake,CA-SW 05 Victorville,Victorville,CA,SW,San Gabriel Valley,M2,,
Big Bend Rancheria,CA-NI 17 Redding-Red Bluff,Redding-Red Bluff,CA,NI,Sacramento,M2,,
Big Lagoon Rancheria,CA-NC 20 Humboldt County,Humboldt County,CA,NC,East Bay,M2,,
Big Pine Reservation,CA-NI 03 Inyo County,Inyo County,CA,NI,Fresno,M1,,
Big Sandy Rancheria,CA-NI 04 Fresno,Fresno,CA,NI,Fresno,M3,Reservoir,
Big Valley Rancheria,CA-NC 21 Lake County,Lake County,CA,NC,East Bay,M1,,
Biggs,CA-NI 16 Chico,Chico,CA,NI,Sacramento,M2,,
Bishop,CA-NI 03 Inyo County,Inyo County,CA,NI,Fresno,M1,,
Bishop Reservation,CA-NI 03 Inyo County,Inyo County,CA,NI,Fresno,M1,,
Blue Lake,CA-NC 20 Humboldt County,Humboldt County,CA,NC,East Bay,M2,,
Blue Lake Rancheria,CA-NC 20 Humboldt County,Humboldt County,CA,NC,East Bay,M2,,
Blythe,CA-SE 02 Coachella Valley,Coachella Valley,CA,SE,San Diego,M2,,
Bradbury,CA-SW 06 San Gabriel Valley,San Gabriel Valley,CA,SW,San Gabriel Valley,M3,Reservoir,Associated
Brawley,CA-SE 10 El Centro,El Centro,CA,SE,San Diego,M1,,
Brea,CA-SE 21 Orange County North,Orange County North,CA,SE,San Diego,M3,,
Brentwood,CA-NC 16 Contra Costa County East (Concord),Contra Costa County East (Concord),CA,NC,East Bay,M3,,
Bridgeport Reservation,CA-NI 03 Inyo County,Inyo County,CA,NI,Fresno,M1,,
Brisbane,CA-NC 09 San Mateo,San Mateo,CA,NC,Santa Clara County West,M2,,
Buellton,CA-SW 27 San Luis Obispo County,San Luis Obispo County,CA,SW,Los Angeles,M2,,
Buena Park,CA-SE 21 Orange County North,Orange County North,CA,SE,San Diego,M3,,
Burbank,CA-SW 08 Glendale,Glendale,CA,SW,San Gabriel Valley,M2,,
Burlingame,CA-NC 09 San Mateo,San Mateo,CA,NC,Santa Clara County West,M2,,
Butte County,CA-NI 16 Chico,Chico,CA,NI,Sacramento,M2,,
Cahuilla Reservation,CA-SE 07 Temecula,Temecula,CA,SE,San Diego,M2,,
Calabasas,CA-SW 17 Thousand Oaks,Thousand Oaks,CA,SW,Los Angeles,M3,,
Calaveras County,CA-NI 08 Tuolumne-Calaveras Counties,Tuolumne-Calaveras Counties,CA,NI,Fresno,M1,,
Calexico,CA-SE 10 El Centro,El Centro,CA,SE,San Diego,M1,,
California City,CA-SW 03 Bakersfield,Bakersfield,CA,SW,Los Angeles,M2,,
Calimesa,CA-SW 04 San Bernardino,San Bernardino,CA,SW,San Gabriel Valley,M2,,
Calipatria,CA-SE 10 El Centro,El Centro,CA,SE,San Diego,M1,,
Calistoga,CA-NC 06 Napa County,Napa County,CA,NC,East Bay,M1,,
Camarillo,CA-SW 28 Ventura,Ventura,CA,SW,Los Angeles,M2,,
Campbell,CA-NC 05 San Jose,San Jose,CA,NC,Santa Clara County West,M2,,
Campo Reservation,CA-SE 14 East San Diego County,East San Diego County,CA,SE,San Diego,M2,,
Canyon Lake,CA-SE 07 Temecula,Temecula,CA,SE,San Diego,M2,,
Capitan Grande Reservation,CA-SE 14 East San Diego County,East San Diego County,CA,SE,San Diego,M2,,
Capitola,CA-NC 15 Santa Cruz County,Santa Cruz County,CA,NC,Santa Clara County West,M2,,
Carlsbad,CA-SE 15 San Diego North Coast,San Diego North Coast,CA,SE,San Diego,M2,,
Carmel-by-the-Sea,CA-NC 23 Monterey County,Monterey County,CA,NC,Santa Clara County West,M2,,
Carmichael,CA-NI 10 Sacramento,Sacramento,CA,NI,Sacramento,M3,Reservoir,Associated
Carpinteria,CA-SW 28 Ventura,Ventura,CA,SW,Los Angeles,M2,,
Carson,CA-SW 31 South Bay,South Bay,CA,SW,Los Angeles,M2,,
Cathedral City,CA-SE 02 Coachella Valley,Coachella Valley,CA,SE,San Diego,M2,,
Ceres,CA-NI 07 Stanislaus County,Stanislaus County,CA,NI,Fresno,M2,,
Cerritos,CA-SW 32 Long Beach,Long Beach,CA,SW,Los Angeles,M2,,
Chemehuevi Reservation,CA-SW 05 Victorville,Victorville,CA,SW,San Gabriel Valley,M2,,
Chico,CA-NI 16 Chico,Chico,CA,NI,Sacramento,M2,,
Chino,CA-SW 02 Upland,Upland,CA,SW,San Gabriel Valley,M2,,
Chino Hills,CA-SW 02 Upland,Upland,CA,SW,San Gabriel Valley,M2,,
Chowchilla,CA-NI 05 Madera County North,Madera County North,CA,NI,Fresno,M2,,
Chula Vista,CA-SE 18 San Diego,San Diego,CA,SE,San Diego,M3,Reservoir,Associated
Citrus Heights,CA-NI 10 Sacramento,Sacramento,CA,NI,Sacramento,M3,Reservoir,Associated
Claremont,CA-SW 10 Claremont,Claremont,CA,SW,San Gabriel Valley,M2,,
Clayton,CA-NC 16 Contra Costa County East (Concord),Contra Costa County East (Concord),CA,NC,East Bay,M3,,
Clearlake,CA-NC 21 Lake County,Lake County,CA,NC,East Bay,M1,,
Cloverdale,CA-NC 14 Sonoma County,Sonoma County,CA,NC,East Bay,M2,,
Clovis,CA-NI 04 Fresno,Fresno,CA,NI,Fresno,M3,Reservoir,
Coachella,CA-SE 02 Coachella Valley,Coachella Valley,CA,SE,San Diego,M2,,
Coalinga,CA-NI 04 Fresno,Fresno,CA,NI,Fresno,M3,Reservoir,
Cold Springs Rancheria,CA-NI 04 Fresno,Fresno,CA,NI,Fresno,M3,Reservoir,
Colfax,CA-NI 11 Placer County,Placer County,CA,NI,Sacramento,M2,,
Colma,CA-NC 09 San Mateo,San Mateo,CA,NC,Santa Clara County West,M2,,
Colton,CA-SW 04 San Bernardino,San Bernardino,CA,SW,San Gabriel Valley,M2,,
Colusa,CA-NI 14 Yuba County,Yuba County,CA,NI,Sacramento,M2,,
Colusa County,CA-NI 14 Yuba County,Yuba County,CA,NI,Sacramento,M2,,
Colusa Rancheria,CA-NI 14 Yuba County,Yuba County,CA,NI,Sacramento,M2,,
Commerce,CA-SW 30 Whittier,Whittier,CA,SW,San Gabriel Valley,M2,,
Compton,CA-SW 31 South Bay,South Bay,CA,SW,Los Angeles,M2,,
Concord,CA-NC 16 Contra Costa County East (Concord),Contra Costa County East (Concord),CA,NC,East Bay,M3,,
Contra Costa County Central,CA-NC 16 Contra Costa County East (Concord),Contra Costa County East (Concord),CA,NC,East Bay,M3,,
Contra Costa County East,CA-NC 16 Contra Costa County East (Concord),Contra Costa County East (Concord),CA,NC,East Bay,M3,,
Contra Costa County Northwest,CA-NC 08 East Bay,East Bay,CA,NC,East Bay,M3,Reservoir,Associated
Corcoran,CA-NI 02 Exeter-Visalia,Exeter-Visalia,CA,NI,Fresno,M2,,
Corning,CA-NI 17 Redding-Red Bluff,Redding-Red Bluff,CA,NI,Sacramento,M2,,
Corona,CA-SE 06 Riverside,Riverside,CA,SE,San Diego,M2,,
Coronado,CA-SE 18 San Diego,San Diego,CA,SE,San Diego,M3,Reservoir,Associated
Corte Madera,CA-NC 07 Marin County,Marin County,CA,NC,East Bay,M2,,
Cortina Indian Rancheria,CA-NI 14 Yuba County,Yuba County,CA,NI,Sacramento,M2,,
Costa Mesa,CA-SE 16 Orange County Central,Orange County Central,CA,SE,San Diego,M3,,
Cotati,CA-NC 14 Sonoma County,Sonoma County,CA,NC,East Bay,M2,,
Covina,CA-SW 10 Claremont,Claremont,CA,SW,San Gabriel Valley,M2,,
Coyote Valley Reservation,CA-NC 22 Mendocino County,Mendocino County,CA,NC,East Bay,M2,,
Crescent City,CA-NC 26 Del Norte County,Del Norte County,CA,NC,East Bay,M1,,
Cudahy,CA-SW 30 Whittier,Whittier,CA,SW,San Gabriel Valley,M2,,
Culver City,CA-SW 01 Los Angeles,Los Angeles,CA,SW,Los Angeles,M3,Reservoir,
Cupertino,CA-NC 04 Santa Clara County West,Santa Clara County West,CA,NC,Santa Clara County West,M3,Reservoir,
Cypress,CA-SE 21 Orange County North,Orange County North,CA,SE,San Diego,M3,,
Daly City,CA-NC 09 San Mateo,San Mateo,CA,NC,Santa Clara County West,M2,,
Dana Point,CA-SE 05 Orange County South,Orange County South,CA,SE,San Diego,M3,,
Danville,CA-NC 02 Alameda County Central (Pleasanton),Alameda County Central (Pleasanton),CA,NC,East Bay,M2,,
Davis,CA-NI 12 Yolo County,Yolo County,CA,NI,Sacramento,M2,,
Del Mar,CA-SE 15 San Diego North Coast,San Diego North Coast,CA,SE,San Diego,M2,,
Del Norte County,CA-NC 26 Del Norte County,Del Norte County,CA,NC,East Bay,M1,,
Del Rey Oaks,CA-NC 23 Monterey County,Monterey County,CA,NC,Santa Clara County West,M2,,
Delano,CA-SW 03 Bakersfield,Bakersfield,CA,SW,Los Angeles,M2,,
Desert Hot Springs,CA-SE 02 Coachella Valley,Coachella Valley,CA,SE,San Diego,M2,,
Diamond Bar,CA-SW 10 Claremont,Claremont,CA,SW,San Gabriel Valley,M2,,
Dinuba,CA-NI 02 Exeter-Visalia,Exeter-Visalia,CA,NI,Fresno,M2,,
Dixon,CA-NC 18 Solano County,Solano County,CA,NC,East Bay,M2,,
Dorris,CA-NI 17 Redding-Red Bluff,Redding-Red Bluff,CA,NI,Sacramento,M2,,
Dos Palos,CA-NI 06 Merced County,Merced County,CA,NI,Fresno,M2,,
Downey,CA-SW 30 Whittier,Whittier,CA,SW,San Gabriel Valley,M2,,
Duarte,CA-SW 06 San Gabriel Valley,San Gabriel Valley,CA,SW,San Gabriel Valley,M3,Reservoir,Associated
Dublin,CA-NC 02 Alameda County Central (Pleasanton),Alameda County Central (Pleasanton),CA,NC,East Bay,M2,,
Dunsmuir,CA-NI 17 Redding-Red Bluff,Redding-Red Bluff,CA,NI,Sacramento,M2,,
East Palo Alto,CA-NC 04 Santa Clara County West,Santa Clara County West,CA,NC,Santa Clara County West,M3,Reservoir,
Eastvale,CA-SE 06 Riverside,Riverside,CA,SE,San Diego,M2,,
El Cajon,CA-SE 14 East San Diego County,East San Diego County,CA,SE,San Diego,M2,,
El Centro,CA-SE 10 El Centro,El Centro,CA,SE,San Diego,M1,,
El Cerrito,CA-NC 08 East Bay,East Bay,CA,NC,East Bay,M3,Reservoir,Associated
El Dorado County NW,CA-NI 19 El Dorado County,El Dorado County,CA,NI,Sacramento,M2,,
El Dorado County SE,CA-NI 19 El Dorado County,El Dorado County,CA,NI,Sacramento,M2,,
El Monte,CA-SW 06 San Gabriel Valley,San Gabriel Valley,CA,SW,San Gabriel Valley,M3,Reservoir,Associated
El Segundo,CA-SW 31 South Bay,South Bay,CA,SW,Los Angeles,M2,,
Elk Grove,CA-NI 10 Sacramento,Sacramento,CA,NI,Sacramento,M3,Reservoir,Associated
Elk Valley Rancheria,CA-NC 26 Del Norte County,Del Norte County,CA,NC,East Bay,M1,,
Emeryville,CA-NC 08 East Bay,East Bay,CA,NC,East Bay,M3,Reservoir,Associated
Encinitas,CA-SE 15 San Diego North Coast,San Diego North Coast,CA,SE,San Diego,M2,,
Enterprise Rancheria,CA-NI 16 Chico,Chico,CA,NI,Sacramento,M2,,
Escalon,CA-NI 09 Stockton,Stockton,CA,NI,Sacramento,M2,,
Escondido,CA-SE 13 Escondido,Escondido,CA,SE,San Diego,M3,,
Etna,CA-NI 17 Redding-Red Bluff,Redding-Red Bluff,CA,NI,Sacramento,M2,,
Eureka,CA-NC 20 Humboldt County,Humboldt County,CA,NC,East Bay,M2,,
Ewiiaapaayp Reservation,CA-SE 14 East San Diego County,East San Diego County,CA,SE,San Diego,M2,,
Exeter,CA-NI 02 Exeter-Visalia,Exeter-Visalia,CA,NI,Fresno,M2,,
Fair Oaks-Orangevale,CA-NI 10 Sacramento,Sacramento,CA,NI,Sacramento,M3,Reservoir,Associated
Fairfax,CA-NC 07 Marin County,Marin County,CA,NC,East Bay,M2,,
Fairfield,CA-NC 18 Solano County,Solano County,CA,NC,East Bay,M2,,
Fallbrook San Diego,CA-SE 13 Escondido,Escondido,CA,SE,San Diego,M3,,
Farmersville,CA-NI 02 Exeter-Visalia,Exeter-Visalia,CA,NI,Fresno,M2,,
Ferndale,CA-NC 20 Humboldt County,Humboldt County,CA,NC,East Bay,M2,,
Fillmore,CA-SW 28 Ventura,Ventura,CA,SW,Los Angeles,M2,,
Firebaugh,CA-NI 04 Fresno,Fresno,CA,NI,Fresno,M3,Reservoir,
Folsom,CA-NI 10 Sacramento,Sacramento,CA,NI,Sacramento,M3,Reservoir,Associated
Fontana,CA-SW 04 San Bernardino,San Bernardino,CA,SW,San Gabriel Valley,M2,,
Fort Bragg,CA-NC 22 Mendocino County,Mendocino County,CA,NC,East Bay,M2,,
Fort Independence Reservation,CA-NI 03 Inyo County,Inyo County,CA,NI,Fresno,M1,,
Fort Jones,CA-NI 17 Redding-Red Bluff,Redding-Red Bluff,CA,NI,Sacramento,M2,,
Fort Yuma Indian Reservation,CA-SE 10 El Centro,El Centro,CA,SE,San Diego,M1,,
Fortuna,CA-NC 20 Humboldt County,Humboldt County,CA,NC,East Bay,M2,,
Foster City,CA-NC 09 San Mateo,San Mateo,CA,NC,Santa Clara County West,M2,,
Fountain Valley,CA-SE 16 Orange County Central,Orange County Central,CA,SE,San Diego,M3,,
Fowler,CA-NI 04 Fresno,Fresno,CA,NI,Fresno,M3,Reservoir,
Fremont,CA-NC 03 Alameda County South (Fremont),Alameda County South (Fremont),CA,NC,East Bay,M2,,
Fresno,CA-NI 04 Fresno,Fresno,CA,NI,Fresno,M3,Reservoir,
Fresno County,CA-NI 04 Fresno,Fresno,CA,NI,Fresno,M3,Reservoir,
Fullerton,CA-SE 21 Orange County North,Orange County North,CA,SE,San Diego,M3,,
Galt,CA-NI 10 Sacramento,Sacramento,CA,NI,Sacramento,M3,Reservoir,Associated
Garden Grove,CA-SE 21 Orange County North,Orange County North,CA,SE,San Diego,M3,,
Gardena,CA-SW 31 South Bay,South Bay,CA,SW,Los Angeles,M2,,
Gilroy,CA-NC 10 Campos de Alianza,Campos de Alianza,CA,NC,Santa Clara County West,M2,,
Glendale,CA-SW 08 Glendale,Glendale,CA,SW,San Gabriel Valley,M2,,
Glendora,CA-SW 10 Claremont,Claremont,CA,SW,San Gabriel Valley,M2,,
Glenn County,CA-NI 16 Chico,Chico,CA,NI,Sacramento,M2,,
Gold River,CA-NI 10 Sacramento,Sacramento,CA,NI,Sacramento,M3,Reservoir,Associated
Goleta,CA-SW 28 Ventura,Ventura,CA,SW,Los Angeles,M2,,
Gonzales,CA-NC 11 Fortaleza de Generosidad,Fortaleza de Generosidad,CA,NC,Santa Clara County West,M1,,
Grand Terrace,CA-SE 06 Riverside,Riverside,CA,SE,San Diego,M2,,
Grass Valley,CA-NI 13 Grass Valley,Grass Valley,CA,NI,Sacramento,M2,,
Greenfield,CA-NC 11 Fortaleza de Generosidad,Fortaleza de Generosidad,CA,NC,Santa Clara County West,M1,,
Greenville Rancheria,CA-NI 16 Chico,Chico,CA,NI,Sacramento,M2,,
Gridley,CA-NI 16 Chico,Chico,CA,NI,Sacramento,M2,,
Grindstone Indian Rancheria,CA-NI 16 Chico,Chico,CA,NI,Sacramento,M2,,
Grover Beach,CA-SW 27 San Luis Obispo County,San Luis Obispo County,CA,SW,Los Angeles,M2,,
Guadalupe,CA-SW 27 San Luis Obispo County,San Luis Obispo County,CA,SW,Los Angeles,M2,,
Guidiville Rancheria,CA-NC 22 Mendocino County,Mendocino County,CA,NC,East Bay,M2,,
Gustine,CA-NI 06 Merced County,Merced County,CA,NI,Fresno,M2,,
Hacienda Heights,CA-SW 10 Claremont,Claremont,CA,SW,San Gabriel Valley,M2,,
Half Moon Bay,CA-NC 09 San Mateo,San Mateo,CA,NC,Santa Clara County West,M2,,
Hanford,CA-NI 02 Exeter-Visalia,Exeter-Visalia,CA,NI,Fresno,M2,,
Hawaiian Gardens,CA-SW 32 Long Beach,Long Beach,CA,SW,Los Angeles,M2,,
Hawthorne,CA-SW 31 South Bay,South Bay,CA,SW,Los Angeles,M2,,
Hayward,CA-NC 03 Alameda County South (Fremont),Alameda County South (Fremont),CA,NC,East Bay,M2,,
Healdsburg,CA-NC 14 Sonoma County,Sonoma County,CA,NC,East Bay,M2,,
Hemet,CA-SE 07 Temecula,Temecula,CA,SE,San Diego,M2,,
Hercules,CA-NC 08 East Bay,East Bay,CA,NC,East Bay,M3,Reservoir,Associated
Hermosa Beach,CA-SW 31 South Bay,South Bay,CA,SW,Los Angeles,M2,,
Hesperia,CA-SW 05 Victorville,Victorville,CA,SW,San Gabriel Valley,M2,,
Hidden Hills,CA-SW 17 Thousand Oaks,Thousand Oaks,CA,SW,Los Angeles,M3,,
Highland,CA-SW 04 San Bernardino,San Bernardino,CA,SW,San Gabriel Valley,M2,,
Hillsborough,CA-NC 09 San Mateo,San Mateo,CA,NC,Santa Clara County West,M2,,
Hollister,CA-NC 10 Campos de Alianza,Campos de Alianza,CA,NC,Santa Clara County West,M2,,
Holtville,CA-SE 10 El Centro,El Centro,CA,SE,San Diego,M1,,
Hoopa Valley Reservation,CA-NC 20 Humboldt County,Humboldt County,CA,NC,East Bay,M2,,
Hopland Rancheria,CA-NC 22 Mendocino County,Mendocino County,CA,NC,East Bay,M2,,
Hughson,CA-NI 07 Stanislaus County,Stanislaus County,CA,NI,Fresno,M2,,
Humboldt County Central,CA-NC 20 Humboldt County,Humboldt County,CA,NC,East Bay,M2,,
Humboldt County North,CA-NC 20 Humboldt County,Humboldt County,CA,NC,East Bay,M2,,
Humboldt County South,CA-NC 20 Humboldt County,Humboldt County,CA,NC,East Bay,M2,,
Huntington Beach,CA-SE 16 Orange County Central,Orange County Central,CA,SE,San Diego,M3,,
Huntington Park,CA-SW 30 Whittier,Whittier,CA,SW,San Gabriel Valley,M2,,
Huron,CA-NI 04 Fresno,Fresno,CA,NI,Fresno,M3,Reservoir,
Imperial,CA-SE 10 El Centro,El Centro,CA,SE,San Diego,M1,,
Imperial Beach,CA-SE 18 San Diego,San Diego,CA,SE,San Diego,M3,Reservoir,Associated
Imperial County,CA-SE 10 El Centro,El Centro,CA,SE,San Diego,M1,,
Inaja and Cosmit Reservation,CA-SE 14 East San Diego County,East San Diego County,CA,SE,San Diego,M2,,
Indian Wells,CA-SE 02 Coachella Valley,Coachella Valley,CA,SE,San Diego,M2,,
Indio,CA-SE 02 Coachella Valley,Coachella Valley,CA,SE,San Diego,M2,,
Industry,CA-SW 10 Claremont,Claremont,CA,SW,San Gabriel Valley,M2,,
Inglewood,CA-SW 31 South Bay,South Bay,CA,SW,Los Angeles,M2,,
Inyo County,CA-NI 03 Inyo County,Inyo County,CA,NI,Fresno,M1,,
Ione,CA-NI 08 Tuolumne-Calaveras Counties,Tuolumne-Calaveras Counties,CA,NI,Fresno,M1,,
Irvine,CA-SE 16 Orange County Central,Orange County Central,CA,SE,San Diego,M3,,
Irwindale,CA-SW 10 Claremont,Claremont,CA,SW,San Gabriel Valley,M2,,
Isleton,CA-NI 10 Sacramento,Sacramento,CA,NI,Sacramento,M3,Reservoir,Associated
Jackson,CA-NI 08 Tuolumne-Calaveras Counties,Tuolumne-Calaveras Counties,CA,NI,Fresno,M1,,
Jackson Rancheria,CA-NI 08 Tuolumne-Calaveras Counties,Tuolumne-Calaveras Counties,CA,NI,Fresno,M1,,
Jurupa Valley,CA-SE 06 Riverside,Riverside,CA,SE,San Diego,M2,,
Karuk Reservation,CA-NI 17 Redding-Red Bluff,Redding-Red Bluff,CA,NI,Sacramento,M2,,
Kerman,CA-NI 04 Fresno,Fresno,CA,NI,Fresno,M3,Reservoir,
Kern County Supv Dist 1,CA-SW 03 Bakersfield,Bakersfield,CA,SW,Los Angeles,M2,,
Kern County Supv Dist 2,CA-SW 03 Bakersfield,Bakersfield,CA,SW,Los Angeles,M2,,
Kern County Supv Dist 3,CA-SW 03 Bakersfield,Bakersfield,CA,SW,Los Angeles,M2,,
Kern County Supv Dist 4,CA-SW 03 Bakersfield,Bakersfield,CA,SW,Los Angeles,M2,,
Kern County Supv Dist 5,CA-SW 03 Bakersfield,Bakersfield,CA,SW,Los Angeles,M2,,
King City,CA-NC 11 Fortaleza de Generosidad,Fortaleza de Generosidad,CA,NC,Santa Clara County West,M1,,
Kings County,CA-NI 02 Exeter-Visalia,Exeter-Visalia,CA,NI,Fresno,M2,,
Kingsburg,CA-NI 04 Fresno,Fresno,CA,NI,Fresno,M3,Reservoir,
La Canada Flintridge,CA-SW 08 Glendale,Glendale,CA,SW,San Gabriel Valley,M2,,
La Crescenta,CA-SW 08 Glendale,Glendale,CA,SW,San Gabriel Valley,M2,,
La Habra,CA-SE 21 Orange County North,Orange County North,CA,SE,San Diego,M3,,
La Habra Heights,CA-SW 30 Whittier,Whittier,CA,SW,San Gabriel Valley,M2,,
La Jolla Reservation,CA-SE 13 Escondido,Escondido,CA,SE,San Diego,M3,,
La Mesa,CA-SE 14 East San Diego County,East San Diego County,CA,SE,San Diego,M2,,
La Mirada,CA-SW 30 Whittier,Whittier,CA,SW,San Gabriel Valley,M2,,
La Palma,CA-SE 21 Orange County North,Orange County North,CA,SE,San Diego,M3,,
La Posta Indian Reservation,CA-SE 14 East San Diego County,East San Diego County,CA,SE,San Diego,M2,,
La Puente,CA-SW 10 Claremont,Claremont,CA,SW,San Gabriel Valley,M2,,
La Quinta,CA-SE 02 Coachella Valley,Coachella Valley,CA,SE,San Diego,M2,,
La Verne,CA-SW 10 Claremont,Claremont,CA,SW,San Gabriel Valley,M2,,
Lafayette,CA-NC 16 Contra Costa County East (Concord),Contra Costa County East (Concord),CA,NC,East Bay,M3,,
Laguna Beach,CA-SE 05 Orange County South,Orange County South,CA,SE,San Diego,M3,,
Laguna Hills,CA-SE 05 Orange County South,Orange County South,CA,SE,San Diego,M3,,
Laguna Niguel,CA-SE 05 Orange County South,Orange County South,CA,SE,San Diego,M3,,
Laguna Woods,CA-SE 05 Orange County South,Orange County South,CA,SE,San Diego,M3,,
Lake County,CA-NC 21 Lake County,Lake County,CA,NC,East Bay,M1,,
Lake Elsinore,CA-SE 07 Temecula,Temecula,CA,SE,San Diego,M2,,
Lake Forest,CA-SE 05 Orange County South,Orange County South,CA,SE,San Diego,M3,,
Lakeport,CA-NC 21 Lake County,Lake County,CA,NC,East Bay,M1,,
Lakeside,CA-SE 14 East San Diego County,East San Diego County,CA,SE,San Diego,M2,,
Lakewood,CA-SW 32 Long Beach,Long Beach,CA,SW,Los Angeles,M2,,
Lancaster,CA-SW 29 Santa Clarita,Santa Clarita,CA,SW,San Gabriel Valley,M2,,
Larkspur,CA-NC 07 Marin County,Marin County,CA,NC,East Bay,M2,,
Lathrop,CA-NI 09 Stockton,Stockton,CA,NI,Sacramento,M2,,
Lawndale,CA-SW 31 South Bay,South Bay,CA,SW,Los Angeles,M2,,
Laytonville Rancheria,CA-NC 22 Mendocino County,Mendocino County,CA,NC,East Bay,M2,,
Lebec-Frazier Park,CA-SW 03 Bakersfield,Bakersfield,CA,SW,Los Angeles,M2,,
Lemon Grove,CA-SE 14 East San Diego County,East San Diego County,CA,SE,San Diego,M2,,
Lemoore,CA-NI 02 Exeter-Visalia,Exeter-Visalia,CA,NI,Fresno,M2,,
Lincoln,CA-NI 11 Placer County,Placer County,CA,NI,Sacramento,M2,,
Lindsay,CA-NI 02 Exeter-Visalia,Exeter-Visalia,CA,NI,Fresno,M2,,
Live Oak,CA-NI 14 Yuba County,Yuba County,CA,NI,Sacramento,M2,,
Live Oak - Santa Cruz,CA-NC 15 Santa Cruz County,Santa Cruz County,CA,NC,Santa Clara County West,M2,,
Livermore,CA-NC 02 Alameda County Central (Pleasanton),Alameda County Central (Pleasanton),CA,NC,East Bay,M2,,
Livingston,CA-NI 06 Merced County,Merced County,CA,NI,Fresno,M2,,
Lodi,CA-NI 09 Stockton,Stockton,CA,NI,Sacramento,M2,,
Loma Linda,CA-SW 04 San Bernardino,San Bernardino,CA,SW,San Gabriel Valley,M2,,
Lomita,CA-SW 31 South Bay,South Bay,CA,SW,Los Angeles,M2,,
Lompoc,CA-SW 27 San Luis Obispo County,San Luis Obispo County,CA,SW,Los Angeles,M2,,
Lone Pine Reservation,CA-NI 03 Inyo County,Inyo County,CA,NI,Fresno,M1,,
Long Beach,CA-SW 32 Long Beach,Long Beach,CA,SW,Los Angeles,M2,,
Loomis,CA-NI 11 Placer County,Placer County,CA,NI,Sacramento,M2,,
Los Alamitos,CA-SE 21 Orange County North,Orange County North,CA,SE,San Diego,M3,,
Los Altos,CA-NC 04 Santa Clara County West,Santa Clara County West,CA,NC,Santa Clara County West,M3,Reservoir,
Los Altos Hills,CA-NC 04 Santa Clara County West,Santa Clara County West,CA,NC,Santa Clara County West,M3,Reservoir,
Los Angeles,CA-SW 01 Los Angeles,Los Angeles,CA,SW,Los Angeles,M3,Reservoir,
Los Angeles County Central,CA-SW 08 Glendale,Glendale,CA,SW,San Gabriel Valley,M2,,
Los Angeles County Central East,CA-SW 06 San Gabriel Valley,San Gabriel Valley,CA,SW,San Gabriel Valley,M3,Reservoir,Associated
Los Angeles County Central West,CA-SW 29 Santa Clarita,Santa Clarita,CA,SW,San Gabriel Valley,M2,,
Los Angeles County Northeast,CA-SW 29 Santa Clarita,Santa Clarita,CA,SW,San Gabriel Valley,M2,,
Los Angeles County Northwest,CA-SW 29 Santa Clarita,Santa Clarita,CA,SW,San Gabriel Valley,M2,,
Los Angeles County Southeast,CA-SW 30 Whittier,Whittier,CA,SW,San Gabriel Valley,M2,,
Los Angeles County South-Southeast,CA-SW 30 Whittier,Whittier,CA,SW,San Gabriel Valley,M2,,
Los Angeles County South-Southwest,CA-SW 31 South Bay,South Bay,CA,SW,Los Angeles,M2,,
Los Banos,CA-NI 06 Merced County,Merced County,CA,NI,Fresno,M2,,
Los Coyotes Reservation,CA-SE 13 Escondido,Escondido,CA,SE,San Diego,M3,,
Los Gatos,CA-NC 04 Santa Clara County West,Santa Clara County West,CA,NC,Santa Clara County West,M3,Reservoir,
Loyalton,CA-NI 13 Grass Valley,Grass Valley,CA,NI,Sacramento,M2,,
Lynwood,CA-SW 30 Whittier,Whittier,CA,SW,San Gabriel Valley,M2,,
Madera,CA-NI 05 Madera County North,Madera County North,CA,NI,Fresno,M2,,
Madera County North,CA-NI 05 Madera County North,Madera County North,CA,NI,Fresno,M2,,
Madera County South,CA-NI 05 Madera County North,Madera County North,CA,NI,Fresno,M2,,
Malibu,CA-SW 17 Thousand Oaks,Thousand Oaks,CA,SW,Los Angeles,M3,,
Malibu Canyon,CA-SW 17 Thousand Oaks,Thousand Oaks,CA,SW,Los Angeles,M3,,
Mammoth Lakes,CA-NI 03 Inyo County,Inyo County,CA,NI,Fresno,M1,,
Manchester-Point Arena Rancheria,CA-NC 22 Mendocino County,Mendocino County,CA,NC,East Bay,M2,,
Manhattan Beach,CA-SW 31 South Bay,South Bay,CA,SW,Los Angeles,M2,,
Manteca,CA-NI 09 Stockton,Stockton,CA,NI,Sacramento,M2,,
Manzanita Reservation,CA-SE 14 East San Diego County,East San Diego County,CA,SE,San Diego,M2,,
Maricopa,CA-SW 03 Bakersfield,Bakersfield,CA,SW,Los Angeles,M2,,
Marin County,CA-NC 07 Marin County,Marin County,CA,NC,East Bay,M2,,
Marina,CA-NC 23 Monterey County,Monterey County,CA,NC,Santa Clara County West,M2,,
Mariposa County,CA-NI 05 Madera County North,Madera County North,CA,NI,Fresno,M2,,
Martinez,CA-NC 16 Contra Costa County East (Concord),Contra Costa County East (Concord),CA,NC,East Bay,M3,,
Marysville,CA-NI 14 Yuba County,Yuba County,CA,NI,Sacramento,M2,,
Maywood,CA-SW 30 Whittier,Whittier,CA,SW,San Gabriel Valley,M2,,
McFarland,CA-SW 03 Bakersfield,Bakersfield,CA,SW,Los Angeles,M2,,
Mendocino County East,CA-NC 22 Mendocino County,Mendocino County,CA,NC,East Bay,M2,,
Mendocino County West,CA-NC 22 Mendocino County,Mendocino County,CA,NC,East Bay,M2,,
Mendota,CA-NI 04 Fresno,Fresno,CA,NI,Fresno,M3,Reservoir,
Menifee,CA-SE 07 Temecula,Temecula,CA,SE,San Diego,M2,,
Menlo Park,CA-NC 04 Santa Clara County West,Santa Clara County West,CA,NC,Santa Clara County West,M3,Reservoir,
Merced,CA-NI 06 Merced County,Merced County,CA,NI,Fresno,M2,,
Merced County,CA-NI 06 Merced County,Merced County,CA,NI,Fresno,M2,,
Mesa Grand Reservation,CA-SE 13 Escondido,Escondido,CA,SE,San Diego,M3,,
Middletown Rancheria,CA-NC 21 Lake County,Lake County,CA,NC,East Bay,M1,,
Mill Valley,CA-NC 07 Marin County,Marin County,CA,NC,East Bay,M2,,
Millbrae,CA-NC 09 San Mateo,San Mateo,CA,NC,Santa Clara County West,M2,,
Milpitas,CA-NC 05 San Jose,San Jose,CA,NC,Santa Clara County West,M2,,
Mission Viejo,CA-SE 05 Orange County South,Orange County South,CA,SE,San Diego,M3,,
Modesto,CA-NI 07 Stanislaus County,Stanislaus County,CA,NI,Fresno,M2,,
Mono County,CA-NI 03 Inyo County,Inyo County,CA,NI,Fresno,M1,,
Monrovia,CA-SW 06 San Gabriel Valley,San Gabriel Valley,CA,SW,San Gabriel Valley,M3,Reservoir,Associated
Montague,CA-NI 17 Redding-Red Bluff,Redding-Red Bluff,CA,NI,Sacramento,M2,,
Montclair,CA-SW 02 Upland,Upland,CA,SW,San Gabriel Valley,M2,,
Monte Sereno,CA-NC 04 Santa Clara County West,Santa Clara County West,CA,NC,Santa Clara County West,M3,Reservoir,
Montebello,CA-SW 30 Whittier,Whittier,CA,SW,San Gabriel Valley,M2,,
Monterey,CA-NC 23 Monterey County,Monterey County,CA,NC,Santa Clara County West,M2,,
Monterey County East,CA-NC 11 Fortaleza de Generosidad,Fortaleza de Generosidad,CA,NC,Santa Clara County West,M1,,
Monterey County North,CA-NC 11 Fortaleza de Generosidad,Fortaleza de Generosidad,CA,NC,Santa Clara County West,M1,,
Monterey County South,CA-NC 11 Fortaleza de Generosidad,Fortaleza de Generosidad,CA,NC,Santa Clara County West,M1,,
Monterey County West,CA-NC 23 Monterey County,Monterey County,CA,NC,Santa Clara County West,M2,,
Monterey Park,CA-SW 06 San Gabriel Valley,San Gabriel Valley,CA,SW,San Gabriel Valley,M3,Reservoir,Associated
Montgomery Creek Rancheria,CA-NI 17 Redding-Red Bluff,Redding-Red Bluff,CA,NI,Sacramento,M2,,
Mooretown Rancheria,CA-NI 16 Chico,Chico,CA,NI,Sacramento,M2,,
Moorpark,CA-SW 17 Thousand Oaks,Thousand Oaks,CA,SW,Los Angeles,M3,,
Moraga,CA-NC 16 Contra Costa County East (Concord),Contra Costa County East (Concord),CA,NC,East Bay,M3,,
Moreno Valley,CA-SE 06 Riverside,Riverside,CA,SE,San Diego,M2,,
Morgan Hill,CA-NC 10 Campos de Alianza,Campos de Alianza,CA,NC,Santa Clara County West,M2,,
Morongo Reservation,CA-SE 07 Temecula,Temecula,CA,SE,San Diego,M2,,
Morro Bay,CA-SW 27 San Luis Obispo County,San Luis Obispo County,CA,SW,Los Angeles,M2,,
Mount Shasta,CA-NI 17 Redding-Red Bluff,Redding-Red Bluff,CA,NI,Sacramento,M2,,
Mountain View,CA-NC 04 Santa Clara County West,Santa Clara County West,CA,NC,Santa Clara County West,M3,Reservoir,
Murrieta,CA-SE 07 Temecula,Temecula,CA,SE,San Diego,M2,,
Napa,CA-NC 06 Napa County,Napa County,CA,NC,East Bay,M1,,
Napa County North,CA-NC 06 Napa County,Napa County,CA,NC,East Bay,M1,,
Napa County South,CA-NC 06 Napa County,Napa County,CA,NC,East Bay,M1,,
National City,CA-SE 18 San Diego,San Diego,CA,SE,San Diego,M3,Reservoir,Associated
Needles,CA-SW 05 Victorville,Victorville,CA,SW,San Gabriel Valley,M2,,
Nevada City,CA-NI 13 Grass Valley,Grass Valley,CA,NI,Sacramento,M2,,
Nevada County,CA-NI 13 Grass Valley,Grass Valley,CA,NI,Sacramento,M2,,
Newark,CA-NC 03 Alameda County South (Fremont),Alameda County South (Fremont),CA,NC,East Bay,M2,,
Newman,CA-NI 07 Stanislaus County,Stanislaus County,CA,NI,Fresno,M2,,
Newport Beach,CA-SE 16 Orange County Central,Orange County Central,CA,SE,San Diego,M3,,
Norco,CA-SE 06 Riverside,Riverside,CA,SE,San Diego,M2,,
North Fork Rancheria,CA-NI 05 Madera County North,Madera County North,CA,NI,Fresno,M2,,
Norwalk,CA-SW 30 Whittier,Whittier,CA,SW,San Gabriel Valley,M2,,
Novato,CA-NC 07 Marin County,Marin County,CA,NC,East Bay,M2,,
Oak Park,CA-SW 17 Thousand Oaks,Thousand Oaks,CA,SW,Los Angeles,M3,,
Oakdale,CA-NI 07 Stanislaus County,Stanislaus County,CA,NI,Fresno,M2,,
Oakland,CA-NC 08 East Bay,East Bay,CA,NC,East Bay,M3,Reservoir,Associated
Oakley,CA-NC 16 Contra Costa County East (Concord),Contra Costa County East (Concord),CA,NC,East Bay,M3,,
Oceanside,CA-SE 15 San Diego North Coast,San Diego North Coast,CA,SE,San Diego,M2,,
Ojai,CA-SW 28 Ventura,Ventura,CA,SW,Los Angeles,M2,,
Ontario,CA-SW 02 Upland,Upland,CA,SW,San Gabriel Valley,M2,,
Orange,CA-SE 16 Orange County Central,Orange County Central,CA,SE,San Diego,M3,,
Orange County East,CA-SE 05 Orange County South,Orange County South,CA,SE,San Diego,M3,,
Orange County North,CA-SE 16 Orange County Central,Orange County Central,CA,SE,San Diego,M3,,
Orange County West,CA-SE 21 Orange County North,Orange County North,CA,SE,San Diego,M3,,
Orange Cove,CA-NI 04 Fresno,Fresno,CA,NI,Fresno,M3,Reservoir,
Orinda,CA-NC 16 Contra Costa County East (Concord),Contra Costa County East (Concord),CA,NC,East Bay,M3,,
Orland,CA-NI 16 Chico,Chico,CA,NI,Sacramento,M2,,
Oroville,CA-NI 16 Chico,Chico,CA,NI,Sacramento,M2,,
Oxnard,CA-SW 28 Ventura,Ventura,CA,SW,Los Angeles,M2,,
Pacific Grove,CA-NC 23 Monterey County,Monterey County,CA,NC,Santa Clara County West,M2,,
Pacifica,CA-NC 09 San Mateo,San Mateo,CA,NC,Santa Clara County West,M2,,
Pala Reservation,CA-SE 13 Escondido,Escondido,CA,SE,San Diego,M3,,
Palm Desert,CA-SE 02 Coachella Valley,Coachella Valley,CA,SE,San Diego,M2,,
Palm Springs,CA-SE 02 Coachella Valley,Coachella Valley,CA,SE,San Diego,M2,,
Palmdale,CA-SW 29 Santa Clarita,Santa Clarita,CA,SW,San Gabriel Valley,M2,,
Palo Alto,CA-NC 04 Santa Clara County West,Santa Clara County West,CA,NC,Santa Clara County West,M3,Reservoir,
Palos Verdes Estates,CA-SW 31 South Bay,South Bay,CA,SW,Los Angeles,M2,,
Paradise,CA-NI 16 Chico,Chico,CA,NI,Sacramento,M2,,
Paramount,CA-SW 32 Long Beach,Long Beach,CA,SW,Los Angeles,M2,,
Parlier,CA-NI 04 Fresno,Fresno,CA,NI,Fresno,M3,Reservoir,
Pasadena,CA-SW 06 San Gabriel Valley,San Gabriel Valley,CA,SW,San Gabriel Valley,M3,Reservoir,Associated
Paskenta Rancheria,CA-NI 17 Redding-Red Bluff,Redding-Red Bluff,CA,NI,Sacramento,M2,,
Paso Robles,CA-SW 27 San Luis Obispo County,San Luis Obispo County,CA,SW,Los Angeles,M2,,
Patterson,CA-NI 07 Stanislaus County,Stanislaus County,CA,NI,Fresno,M2,,
Pauma & Yuima Reservation,CA-SE 13 Escondido,Escondido,CA,SE,San Diego,M3,,
Pechanga Reservation,CA-SE 07 Temecula,Temecula,CA,SE,San Diego,M2,,
Perris,CA-SE 07 Temecula,Temecula,CA,SE,San Diego,M2,,
Petaluma,CA-NC 14 Sonoma County,Sonoma County,CA,NC,East Bay,M2,,
Picayune Rancheria,CA-NI 05 Madera County North,Madera County North,CA,NI,Fresno,M2,,
Pico Rivera,CA-SW 30 Whittier,Whittier,CA,SW,San Gabriel Valley,M2,,
Piedmont,CA-NC 08 East Bay,East Bay,CA,NC,East Bay,M3,Reservoir,Associated
Pinole,CA-NC 08 East Bay,East Bay,CA,NC,East Bay,M3,Reservoir,Associated
Pinoleville Rancheria,CA-NC 22 Mendocino County,Mendocino County,CA,NC,East Bay,M2,,
Pismo Beach,CA-SW 27 San Luis Obispo County,San Luis Obispo County,CA,SW,Los Angeles,M2,,
Pittsburg,CA-NC 16 Contra Costa County East (Concord),Contra Costa County East (Concord),CA,NC,East Bay,M3,,
Placentia,CA-SE 21 Orange County North,Orange County North,CA,SE,San Diego,M3,,
Placer County - Granite Bay,CA-NI 11 Placer County,Placer County,CA,NI,Sacramento,M2,,
Placer County Central,CA-NI 11 Placer County,Placer County,CA,NI,Sacramento,M2,,
Placer County East,CA-NI 11 Placer County,Placer County,CA,NI,Sacramento,M2,,
Placer County Northwest,CA-NI 11 Placer County,Placer County,CA,NI,Sacramento,M2,,
Placer County West,CA-NI 11 Placer County,Placer County,CA,NI,Sacramento,M2,,
Placerville,CA-NI 19 El Dorado County,El Dorado County,CA,NI,Sacramento,M2,,
Pleasant Hill,CA-NC 16 Contra Costa County East (Concord),Contra Costa County East (Concord),CA,NC,East Bay,M3,,
Pleasanton,CA-NC 02 Alameda County Central (Pleasanton),Alameda County Central (Pleasanton),CA,NC,East Bay,M2,,
Plumas County,CA-NI 16 Chico,Chico,CA,NI,Sacramento,M2,,
Plymouth,CA-NI 08 Tuolumne-Calaveras Counties,Tuolumne-Calaveras Counties,CA,NI,Fresno,M1,,
Point Arena,CA-NC 22 Mendocino County,Mendocino County,CA,NC,East Bay,M2,,
Pomona,CA-SW 10 Claremont,Claremont,CA,SW,San Gabriel Valley,M2,,
Port Hueneme,CA-SW 28 Ventura,Ventura,CA,SW,Los Angeles,M2,,
Porterville,CA-NI 02 Exeter-Visalia,Exeter-Visalia,CA,NI,Fresno,M2,,
Portola,CA-NI 16 Chico,Chico,CA,NI,Sacramento,M2,,
Portola Valley,CA-NC 09 San Mateo,San Mateo,CA,NC,Santa Clara County West,M2,,
Poway,CA-SE 13 Escondido,Escondido,CA,SE,San Diego,M3,,
Quartz Valley Reservation,CA-NI 17 Redding-Red Bluff,Redding-Red Bluff,CA,NI,Sacramento,M2,,
Ramona Village,CA-SE 07 Temecula,Temecula,CA,SE,San Diego,M2,,
Rancho Cordova,CA-NI 10 Sacramento,Sacramento,CA,NI,Sacramento,M3,Reservoir,Associated
Rancho Cucamonga,CA-SW 02 Upland,Upland,CA,SW,San Gabriel Valley,M2,,
Rancho Mirage,CA-SE 02 Coachella Valley,Coachella Valley,CA,SE,San Diego,M2,,
Rancho Palos Verdes,CA-SW 31 South Bay,South Bay,CA,SW,Los Angeles,M2,,
Rancho Santa Margarita,CA-SE 05 Orange County South,Orange County South,CA,SE,San Diego,M3,,
Red Bluff,CA-NI 17 Redding-Red Bluff,Redding-Red Bluff,CA,NI,Sacramento,M2,,
Redding,CA-NI 17 Redding-Red Bluff,Redding-Red Bluff,CA,NI,Sacramento,M2,,
Redlands,CA-SW 04 San Bernardino,San Bernardino,CA,SW,San Gabriel Valley,M2,,
Redondo Beach,CA-SW 31 South Bay,South Bay,CA,SW,Los Angeles,M2,,
Redwood City,CA-NC 04 Santa Clara County West,Santa Clara County West,CA,NC,Santa Clara County West,M3,Reservoir,
Redwood Valley Rancheria,CA-NC 22 Mendocino County,Mendocino County,CA,NC,East Bay,M2,,
Reedley,CA-NI 04 Fresno,Fresno,CA,NI,Fresno,M3,Reservoir,
Resighini Rancheria,CA-NC 26 Del Norte County,Del Norte County,CA,NC,East Bay,M1,,
Rialto,CA-SW 04 San Bernardino,San Bernardino,CA,SW,San Gabriel Valley,M2,,
Richmond,CA-NC 08 East Bay,East Bay,CA,NC,East Bay,M3,Reservoir,Associated
Ridgecrest,CA-SW 03 Bakersfield,Bakersfield,CA,SW,Los Angeles,M2,,
Rincon Reservation,CA-SE 13 Escondido,Escondido,CA,SE,San Diego,M3,,
Rio Dell,CA-NC 20 Humboldt County,Humboldt County,CA,NC,East Bay,M2,,
Rio Vista,CA-NC 18 Solano County,Solano County,CA,NC,East Bay,M2,,
Ripon,CA-NI 09 Stockton,Stockton,CA,NI,Sacramento,M2,,
Riverbank,CA-NI 07 Stanislaus County,Stanislaus County,CA,NI,Fresno,M2,,
Riverside,CA-SE 06 Riverside,Riverside,CA,SE,San Diego,M2,,
Riverside County District 4 West,CA-SE 02 Coachella Valley,Coachella Valley,CA,SE,San Diego,M2,,
Riverside County Supv Dist 1 North,CA-SE 06 Riverside,Riverside,CA,SE,San Diego,M2,,
Riverside County Supv Dist 1 South,CA-SE 06 Riverside,Riverside,CA,SE,San Diego,M2,,
Riverside County Supv Dist 2,CA-SE 06 Riverside,Riverside,CA,SE,San Diego,M2,,
Riverside County Supv Dist 3 East,CA-SE 07 Temecula,Temecula,CA,SE,San Diego,M2,,
Riverside County Supv Dist 3 West,CA-SE 07 Temecula,Temecula,CA,SE,San Diego,M2,,
Riverside County Supv Dist 4 Central,CA-SE 02 Coachella Valley,Coachella Valley,CA,SE,San Diego,M2,,
Riverside County Supv Dist 4 East,CA-SE 02 Coachella Valley,Coachella Valley,CA,SE,San Diego,M2,,
Riverside County Supv Dist 5 East,CA-SE 07 Temecula,Temecula,CA,SE,San Diego,M2,,
Riverside County Supv Dist 5 West,CA-SE 07 Temecula,Temecula,CA,SE,San Diego,M2,,
Roaring Creek Rancheria,CA-NI 17 Redding-Red Bluff,Redding-Red Bluff,CA,NI,Sacramento,M2,,
Rocklin,CA-NI 11 Placer County,Placer County,CA,NI,Sacramento,M2,,
Rohnert Park,CA-NC 14 Sonoma County,Sonoma County,CA,NC,East Bay,M2,,
Rohnerville Rancheria,CA-NC 20 Humboldt County,Humboldt County,CA,NC,East Bay,M2,,
Rolling Hills,CA-SW 31 South Bay,South Bay,CA,SW,Los Angeles,M2,,
Rolling Hills Estates,CA-SW 31 South Bay,South Bay,CA,SW,Los Angeles,M2,,
Rosemead,CA-SW 06 San Gabriel Valley,San Gabriel Valley,CA,SW,San Gabriel Valley,M3,Reservoir,Associated
Roseville,CA-NI 11 Placer County,Placer County,CA,NI,Sacramento,M2,,
Ross,CA-NC 07 Marin County,Marin County,CA,NC,East Bay,M2,,
Round Valley Reservation,CA-NC 22 Mendocino County,Mendocino County,CA,NC,East Bay,M2,,
Rowland Heights,CA-SW 10 Claremont,Claremont,CA,SW,San Gabriel Valley,M2,,
Rumsey Rancheria,CA-NI 12 Yolo County,Yolo County,CA,NI,Sacramento,M2,,
Sacramento,CA-NI 10 Sacramento,Sacramento,CA,NI,Sacramento,M3,Reservoir,Associated
Sacramento County Central,CA-NI 10 Sacramento,Sacramento,CA,NI,Sacramento,M3,Reservoir,Associated
Sacramento County Northwest,CA-NI 10 Sacramento,Sacramento,CA,NI,Sacramento,M3,Reservoir,Associated
Sacramento County Southeast,CA-NI 10 Sacramento,Sacramento,CA,NI,Sacramento,M3,Reservoir,Associated
Salinas,CA-NC 11 Fortaleza de Generosidad,Fortaleza de Generosidad,CA,NC,Santa Clara County West,M1,,
San Anselmo,CA-NC 07 Marin County,Marin County,CA,NC,East Bay,M2,,
San Benito County,CA-NC 10 Campos de Alianza,Campos de Alianza,CA,NC,Santa Clara County West,M2,,
San Bernardino,CA-SW 04 San Bernardino,San Bernardino,CA,SW,San Gabriel Valley,M2,,
San Bernardino County Central,CA-SW 05 Victorville,Victorville,CA,SW,San Gabriel Valley,M2,,
San Bernardino County East Central,CA-SW 05 Victorville,Victorville,CA,SW,San Gabriel Valley,M2,,
San Bernardino County Northeast,CA-SW 05 Victorville,Victorville,CA,SW,San Gabriel Valley,M2,,
San Bernardino County Northwest,CA-SW 05 Victorville,Victorville,CA,SW,San Gabriel Valley,M2,,
San Bernardino County South Central,CA-SW 05 Victorville,Victorville,CA,SW,San Gabriel Valley,M2,,
San Bernardino County Southeast,CA-SW 05 Victorville,Victorville,CA,SW,San Gabriel Valley,M2,,
San Bernardino County Southwest,CA-SW 05 Victorville,Victorville,CA,SW,San Gabriel Valley,M2,,
San Bruno,CA-NC 09 San Mateo,San Mateo,CA,NC,Santa Clara County West,M2,,
San Carlos,CA-NC 09 San Mateo,San Mateo,CA,NC,Santa Clara County West,M2,,
San Clemente,CA-SE 05 Orange County South,Orange County South,CA,SE,San Diego,M3,,
San Diego,CA-SE 18 San Diego,San Diego,CA,SE,San Diego,M3,Reservoir,Associated
San Diego County Supervisorial Dist 1,CA-SE 18 San Diego,San Diego,CA,SE,San Diego,M3,Reservoir,Associated
San Diego County Supervisorial Dist 2,CA-SE 14 East San Diego County,East San Diego County,CA,SE,San Diego,M2,,
San Diego County Supervisorial Dist 3,CA-SE 13 Escondido,Escondido,CA,SE,San Diego,M3,,
San Diego County Supervisorial Dist 5,CA-SE 13 Escondido,Escondido,CA,SE,San Diego,M3,,
San Dimas,CA-SW 10 Claremont,Claremont,CA,SW,San Gabriel Valley,M2,,
San Fernando,CA-SW 01 Los Angeles,Los Angeles,CA,SW,Los Angeles,M3,Reservoir,
San Francisco,CA-NC 19 San Francisco,San Francisco,CA,NC,Santa Clara County West,M2,,
San Gabriel,CA-SW 06 San Gabriel Valley,San Gabriel Valley,CA,SW,San Gabriel Valley,M3,Reservoir,Associated
San Jacinto,CA-SE 07 Temecula,Temecula,CA,SE,San Diego,M2,,
San Joaquin,CA-NI 04 Fresno,Fresno,CA,NI,Fresno,M3,Reservoir,
San Joaquin County,CA-NI 09 Stockton,Stockton,CA,NI,Sacramento,M2,,
San Jose,CA-NC 05 San Jose,San Jose,CA,NC,Santa Clara County West,M2,,
San Juan Bautista,CA-NC 10 Campos de Alianza,Campos de Alianza,CA,NC,Santa Clara County West,M2,,
San Juan Capistrano,CA-SE 05 Orange County South,Orange County South,CA,SE,San Diego,M3,,
San Leandro,CA-NC 08 East Bay,East Bay,CA,NC,East Bay,M3,Reservoir,Associated
San Luis Obispo,CA-SW 27 San Luis Obispo County,San Luis Obispo County,CA,SW,Los Angeles,M2,,
San Luis Obispo County Central,CA-SW 27 San Luis Obispo County,San Luis Obispo County,CA,SW,Los Angeles,M2,,
San Luis Obispo County Northeast,CA-SW 27 San Luis Obispo County,San Luis Obispo County,CA,SW,Los Angeles,M2,,
San Luis Obispo County Northwest,CA-SW 27 San Luis Obispo County,San Luis Obispo County,CA,SW,Los Angeles,M2,,
San Luis Obispo County South,CA-SW 27 San Luis Obispo County,San Luis Obispo County,CA,SW,Los Angeles,M2,,
San Luis Obispo County Southwest,CA-SW 27 San Luis Obispo County,San Luis Obispo County,CA,SW,Los Angeles,M2,,
San Manuel Reservation,CA-SW 05 Victorville,Victorville,CA,SW,San Gabriel Valley,M2,,
San Marcos,CA-SE 13 Escondido,Escondido,CA,SE,San Diego,M3,,
San Marino,CA-SW 06 San Gabriel Valley,San Gabriel Valley,CA,SW,San Gabriel Valley,M3,Reservoir,Associated
San Mateo,CA-NC 09 San Mateo,San Mateo,CA,NC,Santa Clara County West,M2,,
San Mateo County East,CA-NC 09 San Mateo,San Mateo,CA,NC,Santa Clara County West,M2,,
San Mateo County West,CA-NC 09 San Mateo,San Mateo,CA,NC,Santa Clara County West,M2,,
San Pablo,CA-NC 08 East Bay,East Bay,CA,NC,East Bay,M3,Reservoir,Associated
San Pasqual Reservation,CA-SE 13 Escondido,Escondido,CA,SE,San Diego,M3,,
San Rafael,CA-NC 07 Marin County,Marin County,CA,NC,East Bay,M2,,
San Ramon,CA-NC 02 Alameda County Central (Pleasanton),Alameda County Central (Pleasanton),CA,NC,East Bay,M2,,
Sand City,CA-NC 23 Monterey County,Monterey County,CA,NC,Santa Clara County West,M2,,
Sanger,CA-NI 04 Fresno,Fresno,CA,NI,Fresno,M3,Reservoir,
Santa Ana,CA-SE 16 Orange County Central,Orange County Central,CA,SE,San Diego,M3,,
Santa Barbara,CA-SW 28 Ventura,Ventura,CA,SW,Los Angeles,M2,,
Santa Barbara County North,CA-SW 27 San Luis Obispo County,San Luis Obispo County,CA,SW,Los Angeles,M2,,
Santa Barbara County South,CA-SW 28 Ventura,Ventura,CA,SW,Los Angeles,M2,,
Santa Clara,CA-NC 05 San Jose,San Jose,CA,NC,Santa Clara County West,M2,,
Santa Clara County,CA-NC 04 Santa Clara County West,Santa Clara County West,CA,NC,Santa Clara County West,M3,Reservoir,
Santa Clarita,CA-SW 29 Santa Clarita,Santa Clarita,CA,SW,San Gabriel Valley,M2,,
Santa Cruz,CA-NC 15 Santa Cruz County,Santa Cruz County,CA,NC,Santa Clara County West,M2,,
Santa Cruz County Central,CA-NC 15 Santa Cruz County,Santa Cruz County,CA,NC,Santa Clara County West,M2,,
Santa Cruz County North,CA-NC 15 Santa Cruz County,Santa Cruz County,CA,NC,Santa Clara County West,M2,,
Santa Cruz County South,CA-NC 15 Santa Cruz County,Santa Cruz County,CA,NC,Santa Clara County West,M2,,
Santa Fe Springs,CA-SW 30 Whittier,Whittier,CA,SW,San Gabriel Valley,M2,,
Santa Maria,CA-SW 27 San Luis Obispo County,San Luis Obispo County,CA,SW,Los Angeles,M2,,
Santa Monica,CA-SW 01 Los Angeles,Los Angeles,CA,SW,Los Angeles,M3,Reservoir,
Santa Paula,CA-SW 28 Ventura,Ventura,CA,SW,Los Angeles,M2,,
Santa Rosa,CA-NC 14 Sonoma County,Sonoma County,CA,NC,East Bay,M2,,
Santa Rosa Rancheria,CA-NI 02 Exeter-Visalia,Exeter-Visalia,CA,NI,Fresno,M2,,
Santa Rosa Reservation,CA-SE 07 Temecula,Temecula,CA,SE,San Diego,M2,,
Santa Ynez,CA-SW 27 San Luis Obispo County,San Luis Obispo County,CA,SW,Los Angeles,M2,,
Santa Ynez Reservation,CA-SW 28 Ventura,Ventura,CA,SW,Los Angeles,M2,,
Santa Ysabel Reservation,CA-SE 14 East San Diego County,East San Diego County,CA,SE,San Diego,M2,,
Santee,CA-SE 14 East San Diego County,East San Diego County,CA,SE,San Diego,M2,,
Saratoga,CA-NC 04 Santa Clara County West,Santa Clara County West,CA,NC,Santa Clara County West,M3,Reservoir,
Sausalito,CA-NC 07 Marin County,Marin County,CA,NC,East Bay,M2,,
Scotts Valley,CA-NC 15 Santa Cruz County,Santa Cruz County,CA,NC,Santa Clara County West,M2,,
Seal Beach,CA-SE 16 Orange County Central,Orange County Central,CA,SE,San Diego,M3,,
Seaside,CA-NC 23 Monterey County,Monterey County,CA,NC,Santa Clara County West,M2,,
Sebastopol,CA-NC 14 Sonoma County,Sonoma County,CA,NC,East Bay,M2,,
Selma,CA-NI 04 Fresno,Fresno,CA,NI,Fresno,M3,Reservoir,
Shafter,CA-SW 03 Bakersfield,Bakersfield,CA,SW,Los Angeles,M2,,
Shasta County,CA-NI 17 Redding-Red Bluff,Redding-Red Bluff,CA,NI,Sacramento,M2,,
Shasta Lake,CA-NI 17 Redding-Red Bluff,Redding-Red Bluff,CA,NI,Sacramento,M2,,
Sherwood Valley Rancheria,CA-NC 22 Mendocino County,Mendocino County,CA,NC,East Bay,M2,,
Shingle Springs Rancheria,CA-NI 19 El Dorado County,El Dorado County,CA,NI,Sacramento,M2,,
Sierra County,CA-NI 13 Grass Valley,Grass Valley,CA,NI,Sacramento,M2,,
Sierra Madre,CA-SW 06 San Gabriel Valley,San Gabriel Valley,CA,SW,San Gabriel Valley,M3,Reservoir,Associated
Signal Hill,CA-SW 32 Long Beach,Long Beach,CA,SW,Los Angeles,M2,,
Simi Valley,CA-SW 17 Thousand Oaks,Thousand Oaks,CA,SW,Los Angeles,M3,,
Siskiyou County,CA-NI 17 Redding-Red Bluff,Redding-Red Bluff,CA,NI,Sacramento,M2,,
Smith River Rancheria,CA-NC 26 Del Norte County,Del Norte County,CA,NC,East Bay,M1,,
Soboba Reservation,CA-SE 07 Temecula,Temecula,CA,SE,San Diego,M2,,
Solana Beach,CA-SE 15 San Diego North Coast,San Diego North Coast,CA,SE,San Diego,M2,,
Solano County,CA-NC 18 Solano County,Solano County,CA,NC,East Bay,M2,,
Soledad,CA-NC 11 Fortaleza de Generosidad,Fortaleza de Generosidad,CA,NC,Santa Clara County West,M1,,
Solvang,CA-SW 27 San Luis Obispo County,San Luis Obispo County,CA,SW,Los Angeles,M2,,
Sonoma,CA-NC 14 Sonoma County,Sonoma County,CA,NC,East Bay,M2,,
Sonoma County Supv Dist 1,CA-NC 14 Sonoma County,Sonoma County,CA,NC,East Bay,M2,,
Sonoma County Supv Dist 2,CA-NC 14 Sonoma County,Sonoma County,CA,NC,East Bay,M2,,
Sonoma County Supv Dist 3,CA-NC 14 Sonoma County,Sonoma County,CA,NC,East Bay,M2,,
Sonoma County Supv Dist 4,CA-NC 14 Sonoma County,Sonoma County,CA,NC,East Bay,M2,,
Sonoma County Supv Dist 5,CA-NC 14 Sonoma County,Sonoma County,CA,NC,East Bay,M2,,
Sonora,CA-NI 08 Tuolumne-Calaveras Counties,Tuolumne-Calaveras Counties,CA,NI,Fresno,M1,,
South El Monte,CA-SW 06 San Gabriel Valley,San Gabriel Valley,CA,SW,San Gabriel Valley,M3,Reservoir,Associated
South Gate,CA-SW 30 Whittier,Whittier,CA,SW,San Gabriel Valley,M2,,
South Lake Tahoe,CA-NI 19 El Dorado County,El Dorado County,CA,NI,Sacramento,M2,,
South Pasadena,CA-SW 06 San Gabriel Valley,San Gabriel Valley,CA,SW,San Gabriel Valley,M3,Reservoir,Associated
South San Francisco,CA-NC 09 San Mateo,San Mateo,CA,NC,Santa Clara County West,M2,,
Spring Valley,CA-SE 14 East San Diego County,East San Diego County,CA,SE,San Diego,M2,,
St. Helena,CA-NC 06 Napa County,Napa County,CA,NC,East Bay,M1,,
Stanford,CA-NC 04 Santa Clara County West,Santa Clara County West,CA,NC,Santa Clara County West,M3,Reservoir,
Stanislaus County,CA-NI 07 Stanislaus County,Stanislaus County,CA,NI,Fresno,M2,,
Stanton,CA-SE 21 Orange County North,Orange County North,CA,SE,San Diego,M3,,
Stewart's Point Rancheria,CA-NC 14 Sonoma County,Sonoma County,CA,NC,East Bay,M2,,
Stockton,CA-NI 09 Stockton,Stockton,CA,NI,Sacramento,M2,,
Suisun City,CA-NC 18 Solano County,Solano County,CA,NC,East Bay,M2,,
Sulpher Bank Rancheria,CA-NC 21 Lake County,Lake County,CA,NC,East Bay,M1,,
Sunnyvale,CA-NC 04 Santa Clara County West,Santa Clara County West,CA,NC,Santa Clara County West,M3,Reservoir,
Sutter County,CA-NI 14 Yuba County,Yuba County,CA,NI,Sacramento,M2,,
Sutter Creek,CA-NI 08 Tuolumne-Calaveras Counties,Tuolumne-Calaveras Counties,CA,NI,Fresno,M1,,
Sycuan Reservation,CA-SE 14 East San Diego County,East San Diego County,CA,SE,San Diego,M2,,
Table Bluff Reservation,CA-NC 20 Humboldt County,Humboldt County,CA,NC,East Bay,M2,,
Table Mountain Rancheria,CA-NI 04 Fresno,Fresno,CA,NI,Fresno,M3,Reservoir,
Taft,CA-SW 03 Bakersfield,Bakersfield,CA,SW,Los Angeles,M2,,
Tehachapi,CA-SW 03 Bakersfield,Bakersfield,CA,SW,Los Angeles,M2,,
Tehama,CA-NI 17 Redding-Red Bluff,Redding-Red Bluff,CA,NI,Sacramento,M2,,
Tehama County,CA-NI 17 Redding-Red Bluff,Redding-Red Bluff,CA,NI,Sacramento,M2,,
Temecula,CA-SE 07 Temecula,Temecula,CA,SE,San Diego,M2,,
Temple City,CA-SW 06 San Gabriel Valley,San Gabriel Valley,CA,SW,San Gabriel Valley,M3,Reservoir,Associated
Thousand Oaks,CA-SW 17 Thousand Oaks,Thousand Oaks,CA,SW,Los Angeles,M3,,
Tiburon,CA-NC 07 Marin County,Marin County,CA,NC,East Bay,M2,,
Toro and Laguna Seca,CA-NC 23 Monterey County,Monterey County,CA,NC,Santa Clara County West,M2,,
Torrance,CA-SW 31 South Bay,South Bay,CA,SW,Los Angeles,M2,,
Torres-Martinez Reservation,CA-SE 02 Coachella Valley,Coachella Valley,CA,SE,San Diego,M2,,
Tracy,CA-NI 09 Stockton,Stockton,CA,NI,Sacramento,M2,,
Trinidad,CA-NC 20 Humboldt County,Humboldt County,CA,NC,East Bay,M2,,
Trinidad Rancheria,CA-NC 20 Humboldt County,Humboldt County,CA,NC,East Bay,M2,,
Trinity County,CA-NC 25 Trinity County,Trinity County,CA,NC,East Bay,M1,,
Truckee,CA-NI 13 Grass Valley,Grass Valley,CA,NI,Sacramento,M2,,
Tulare,CA-NI 02 Exeter-Visalia,Exeter-Visalia,CA,NI,Fresno,M2,,
Tulare County,CA-NI 02 Exeter-Visalia,Exeter-Visalia,CA,NI,Fresno,M2,,
Tule River Reservation,CA-NI 02 Exeter-Visalia,Exeter-Visalia,CA,NI,Fresno,M2,,
Tulelake,CA-NI 17 Redding-Red Bluff,Redding-Red Bluff,CA,NI,Sacramento,M2,,
Tuolumne County,CA-NI 08 Tuolumne-Calaveras Counties,Tuolumne-Calaveras Counties,CA,NI,Fresno,M1,,
Tuolumne Mi-Wuk Rancheria,CA-NI 08 Tuolumne-Calaveras Counties,Tuolumne-Calaveras Counties,CA,NI,Fresno,M1,,
Turlock,CA-NI 07 Stanislaus County,Stanislaus County,CA,NI,Fresno,M2,,
Tustin,CA-SE 16 Orange County Central,Orange County Central,CA,SE,San Diego,M3,,
Twentynine Palms,CA-SW 05 Victorville,Victorville,CA,SW,San Gabriel Valley,M2,,
Ukiah,CA-NC 22 Mendocino County,Mendocino County,CA,NC,East Bay,M2,,
Union City,CA-NC 03 Alameda County South (Fremont),Alameda County South (Fremont),CA,NC,East Bay,M2,,
Upland,CA-SW 02 Upland,Upland,CA,SW,San Gabriel Valley,M2,,
Upper Lake Rancheria,CA-NC 21 Lake County,Lake County,CA,NC,East Bay,M1,,
Vacaville,CA-NC 18 Solano County,Solano County,CA,NC,East Bay,M2,,
Vallejo,CA-NC 18 Solano County,Solano County,CA,NC,East Bay,M2,,
Valley Center,CA-SE 13 Escondido,Escondido,CA,SE,San Diego,M3,,
Ventura,CA-SW 28 Ventura,Ventura,CA,SW,Los Angeles,M2,,
Ventura County,CA-SW 28 Ventura,Ventura,CA,SW,Los Angeles,M2,,
Vernon,CA-SW 01 Los Angeles,Los Angeles,CA,SW,Los Angeles,M3,Reservoir,
Victorville,CA-SW 05 Victorville,Victorville,CA,SW,San Gabriel Valley,M2,,
Viejas Reservation,CA-SE 14 East San Diego County,East San Diego County,CA,SE,San Diego,M2,,
Villa Park,CA-SE 16 Orange County Central,Orange County Central,CA,SE,San Diego,M3,,
Visalia,CA-NI 02 Exeter-Visalia,Exeter-Visalia,CA,NI,Fresno,M2,,
Vista,CA-SE 15 San Diego North Coast,San Diego North Coast,CA,SE,San Diego,M2,,
Walnut,CA-SW 10 Claremont,Claremont,CA,SW,San Gabriel Valley,M2,,
Walnut Creek,CA-NC 16 Contra Costa County East (Concord),Contra Costa County East (Concord),CA,NC,East Bay,M3,,
Wasco,CA-SW 03 Bakersfield,Bakersfield,CA,SW,Los Angeles,M2,,
Waterford,CA-NI 07 Stanislaus County,Stanislaus County,CA,NI,Fresno,M2,,
Watsonville,CA-NC 15 Santa Cruz County,Santa Cruz County,CA,NC,Santa Clara County West,M2,,
Weed,CA-NI 17 Redding-Red Bluff,Redding-Red Bluff,CA,NI,Sacramento,M2,,
West Covina,CA-SW 10 Claremont,Claremont,CA,SW,San Gabriel Valley,M2,,
West Hollywood,CA-SW 01 Los Angeles,Los Angeles,CA,SW,Los Angeles,M3,Reservoir,
West Sacramento,CA-NI 12 Yolo County,Yolo County,CA,NI,Sacramento,M2,,
Westlake Village,CA-SW 17 Thousand Oaks,Thousand Oaks,CA,SW,Los Angeles,M3,,
Westminster,CA-SE 21 Orange County North,Orange County North,CA,SE,San Diego,M3,,
Westmorland,CA-SE 10 El Centro,El Centro,CA,SE,San Diego,M1,,
Wheatland,CA-NI 14 Yuba County,Yuba County,CA,NI,Sacramento,M2,,
Whittier,CA-SW 30 Whittier,Whittier,CA,SW,San Gabriel Valley,M2,,
Wildomar,CA-SE 07 Temecula,Temecula,CA,SE,San Diego,M2,,
Williams,CA-NI 14 Yuba County,Yuba County,CA,NI,Sacramento,M2,,
Willits,CA-NC 22 Mendocino County,Mendocino County,CA,NC,East Bay,M2,,
Willows,CA-NI 16 Chico,Chico,CA,NI,Sacramento,M2,,
Windsor,CA-NC 14 Sonoma County,Sonoma County,CA,NC,East Bay,M2,,
Winters,CA-NI 12 Yolo County,Yolo County,CA,NI,Sacramento,M2,,
Woodfords Community,CA-NI 08 Tuolumne-Calaveras Counties,Tuolumne-Calaveras Counties,CA,NI,Fresno,M1,,
Woodlake,CA-NI 02 Exeter-Visalia,Exeter-Visalia,CA,NI,Fresno,M2,,
Woodland,CA-NI 12 Yolo County,Yolo County,CA,NI,Sacramento,M2,,
Woodside,CA-NC 09 San Mateo,San Mateo,CA,NC,Santa Clara County West,M2,,
Yolo County,CA-NI 12 Yolo County,Yolo County,CA,NI,Sacramento,M2,,
Yorba Linda,CA-SE 21 Orange County North,Orange County North,CA,SE,San Diego,M3,,
Yountville,CA-NC 06 Napa County,Napa County,CA,NC,East Bay,M1,,
Yreka,CA-NI 17 Redding-Red Bluff,Redding-Red Bluff,CA,NI,Sacramento,M2,,
Yuba City,CA-NI 14 Yuba County,Yuba County,CA,NI,Sacramento,M2,,
Yuba County,CA-NI 14 Yuba County,Yuba County,CA,NI,Sacramento,M2,,
Yucaipa,CA-SW 04 San Bernardino,San Bernardino,CA,SW,San Gabriel Valley,M2,,
Yucca Valley,CA-SW 05 Victorville,Victorville,CA,SW,San Gabriel Valley,M2,,
Yurok Reservation,CA-NC 20 Humboldt County,Humboldt County,CA,NC,East Bay,M2,,